S._No.,State/_UT,District_Hospital_-_Sanctioned,District_Hospital_-_In_Position,Sub_District/_Sub_Divisional_Hospital_-_Sanctioned,Sub_District/_Sub_Divisional_Hospital_-_In_Position,Note_of_State/_UT
1,Andhra Pradesh,433.0,306.0,668.0,459.0,
2,Arunachal Pradesh,,381.0,,,
3,Assam,,655.0,,127.0,
4,Bihar,888.0,558.0,,287.0,
5,Chhattisgarh,872.0,581.0,175.0,70.0,
6,Goa,94.0,73.0,151.0,85.0,
7,Gujarat,509.0,314.0,422.0,178.0,
8,Haryana,802.0,809.0,303.0,191.0,
9,Himachal Pradesh,311.0,442.0,358.0,495.0,
10,Jammu & Kashmir,1033.0,844.0,,,
11,Jharkhand,887.0,501.0,152.0,60.0,
12,Karnataka,1724.0,1353.0,1981.0,1398.0,
13,Kerala,87.0,502.0,488.0,624.0,
14,Madhya Pradesh,3188.0,2591.0,942.0,556.0,
15,Maharashtra,1292.0,866.0,1362.0,1436.0,
16,Manipur,261.0,221.0,17.0,6.0,
17,Meghalaya,266.0,237.0,11.0,9.0,#
18,Mizoram,,223.0,,15.0,
19,Nagaland,23.0,172.0,0.0,0.0,##
20,Odisha,1604.0,1185.0,357.0,326.0,
21,Punjab,804.0,655.0,782.0,597.0,
22,Rajasthan,1726.0,1170.0,516.0,352.0,
23,Sikkim,,80.0,0.0,0.0,
24,Tamil Nadu,1649.0,1176.0,2817.0,2530.0,
25,Telangana,309.0,148.0,408.0,348.0,
26,Tripura,84.0,307.0,64.0,113.0,#
27,Uttarakhand,377.0,258.0,218.0,158.0,
28,Uttar Pradesh,2671.0,2108.0,0.0,0.0,
29,West Bengal,1597.0,1343.0,5267.0,2877.0,
30,A & N Island,53.0,28.0,0.0,0.0,
31,Chandigarh,117.0,179.0,0.0,34.0,^
32,Dadra & Nagar Haveli,52.0,21.0,0.0,14.0,
33,Daman & Diu,39.0,27.0,0.0,0.0,
34,Delhi,,,,,
35,Lakshadweep,35.0,25.0,8.0,8.0,
36,Puducherry,501.0,498.0,,,
All India/Total,All India/Total,24288.0,20837.0,17467.0,13353.0,
