State/_UT_-_Col._1,Number_of_CHCs_Functioning_-_Col._2,Number_of_Community_Health_Centres_-_With_all_four_specialists_-_Col._3,Number_of_Community_Health_Centres_-_With_computer/_Statistical_Asst._for_MIS/_Accountant_-_Col._4,Number_of_Community_Health_Centres_-_With_functional_Laboratory_-_Col._5,Number_of_Community_Health_Centres_-_With_functional_O.T._-_Col._6,Number_of_Community_Health_Centres_-_With_functional_Labor_Room_-_Col._7,Number_of_Community_Health_Centres_-_With_functioning_Stabilization_Units_for_New_Born_-_Col._8,Number_of_Community_Health_Centres_-_With_New_Born_Care_Corner_-_Col._9,Number_of_Community_Health_Centres_-_With_at_least_30_beds_-_Col._10,Number_of_Community_Health_Centres_-_With_functional_X-Ray_machine_-_Col._11,Number_of_Community_Health_Centres_-_With_quarters_for_specialist_Doctors_-_Col._12,Number_of_Community_Health_Centres_-_With_specialist_Doctors_living_in_quarters_-_Col._13,Number_of_Community_Health_Centres_-_With_referral_transport_available_-_Col._14,Number_of_Community_Health_Centres_-_With_registered_RKS_-_Col._15,Number_of_Community_Health_Centres_-_Functioning_as_per_IPHS_norms_-_Col._16,No._of_CHC_having_a_regular_supply_of_-_Allopathic_drugs_for_common_ailments_-_Col._17,No._of_CHC_having_a_regular_supply_of_-_AYUSH_drugs_for_common_ailments_-_Col._18
Andhra Pradesh,193,7,193,193,193,193,63.0,193,193,95,0,0,193,193,0.0,193,91.0
Arunachal Pradesh,63,1,30,50,29,57,21.0,48,13,7,5,2,53,56,0.0,59,24.0
Assam,158,6,148,154,153,158,99.0,158,90,59,114,79,136,158,0.0,158,108.0
Bihar,150,24,150,150,150,150,,51,150,150,28,24,148,68,,150,
Chhattisgarh,169,6,155,155,133,155,94.0,150,131,123,87,51,155,152,0.0,157,88.0
Goa,4,4,4,4,4,4,0.0,4,4,4,0,0,4,4,4.0,4,4.0
Gujarat,363,0,311,363,290,363,156.0,340,290,258,81,52,363,328,0.0,363,0.0
Haryana,112,0,110,110,67,109,55.0,102,53,54,13,13,112,112,0.0,112,93.0
Himachal Pradesh,89,0,60,70,66,67,18.0,46,14,67,13,6,89,89,0.0,89,0.0
Jammu & Kashmir,84,23,62,84,67,84,76.0,67,56,83,45,29,84,84,,84,38.0
Jharkhand,188,2,82,170,165,170,42.0,170,65,60,73,51,188,188,0.0,188,48.0
Karnataka,206,41,203,206,200,206,170.0,203,206,166,156,89,193,206,0.0,206,98.0
Kerala,232,7,232,232,106,82,8.0,8,89,29,0,0,190,232,7.0,232,0.0
Madhya Pradesh,309,7,309,309,306,309,126.0,309,309,223,219,84,309,309,6.0,309,223.0
Maharashtra,360,78,121,351,338,370,174.0,354,360,305,318,264,360,360,156.0,360,360.0
Manipur,17,0,17,17,0,17,0.0,17,0,15,16,0,17,17,0.0,17,17.0
Meghalaya,27,0,22,27,1,27,5.0,25,24,10,3,3,24,27,0.0,27,21.0
Mizoram,9,0,9,9,9,9,9.0,9,9,9,2,0,9,9,0.0,9,7.0
Nagaland,21,0,9,21,21,21,8.0,21,3,3,15,15,20,21,0.0,14,7.0
Odisha,370,8,355,368,327,370,26.0,349,58,73,283,254,368,368,0.0,368,312.0
Punjab,151,15,151,145,138,144,43.0,125,151,118,87,41,130,149,,151,138.0
Rajasthan,579,43,440,559,450,554,281.0,474,447,422,404,231,530,574,,574,245.0
Sikkim,2,1,2,2,2,2,0.0,2,1,1,1,1,2,2,0.0,2,2.0
Tamil Nadu,385,36,385,385,341,385,42.0,385,344,170,62,25,385,385,349.0,385,385.0
Telangana,114,19,114,114,114,114,20.0,104,114,69,33,33,114,114,0.0,114,114.0
Tripura,21,0,23,21,0,21,7.0,20,20,13,2,2,21,21,19.0,19,21.0
Uttarakhand,60,27,48,56,58,58,21.0,59,42,40,51,26,60,60,31.0,56,54.0
Uttar Pradesh,822,85,806,623,633,628,358.0,574,557,358,594,332,597,466,134.0,654,594.0
West Bengal,349,12,284,338,318,342,302.0,338,274,121,102,60,346,347,189.0,347,307.0
A & N Island,4,0,3,4,4,4,4.0,4,4,4,3,3,4,4,4.0,4,4.0
Chandigarh,2,2,1,2,2,2,2.0,2,2,2,0,0,2,2,2.0,2,1.0
Dadra & Nagar Haveli,2,0,2,2,2,2,0.0,2,2,2,0,0,2,2,2.0,2,2.0
Daman & Diu,2,0,2,2,2,2,0.0,2,2,2,2,0,2,2,2.0,2,2.0
Delhi,0,0,0,0,0,0,0.0,0,0,0,0,0,0,0,0.0,0,0.0
Lakshadweep,3,0,0,3,3,3,3.0,3,2,3,0,0,3,3,3.0,3,3.0
Puducherry,4,0,0,4,4,4,4.0,4,4,4,4,0,4,4,4.0,4,4.0
All India/Total,5624,454,4843,5303,4696,5186,2237.0,4722,4083,3122,2816,1770,5217,5116,912.0,5418,3415.0
