S._No.,State/_UT,Number_of_PHCs_Functioning,Number_of_Primary_Health_Centres_-_PHCs_functoning_on_24X7_basis_-_Number,Number_of_Primary_Health_Centres_-_PHCs_functoning_on_24X7_basis_-_%,Number_of_Primary_Health_Centres_-_With_Labour_Room_-_Number,Number_of_Primary_Health_Centres_-_With_Labour_Room_-_%,Number_of_Primary_Health_Centres_-_With_OT_-_Number,Number_of_Primary_Health_Centres_-_With_OT_-_%,Number_of_Primary_Health_Centres_-_With_at_least_4_beds_-_Number,Number_of_Primary_Health_Centres_-_With_at_least_4_beds_-_%,Number_of_Primary_Health_Centres_-_Without_Electric_Supply_-_Number,Number_of_Primary_Health_Centres_-_Without_Electric_Supply_-_%,Number_of_Primary_Health_Centres_-_Without_Regular_Water_Supply_-_Number,Number_of_Primary_Health_Centres_-_Without_Regular_Water_Supply_-_%,Number_of_Primary_Health_Centres_-_Without_All-Weather_Motorable_Approach_Road_-_Number,Number_of_Primary_Health_Centres_-_Without_All-Weather_Motorable_Approach_Road_-_%,Number_of_Primary_Health_Centres_-_With_Telephone_-_Number,Number_of_Primary_Health_Centres_-_With_Telephone_-_%,Number_of_Primary_Health_Centres_-_With_Computer_-_Number,Number_of_Primary_Health_Centres_-_With_Computer_-_%,Number_of_Primary_Health_Centres_-_Referral_Transport,Registered_RKS,No._of_PHCs_Functioning_as_per_IPHS_norms
1,Andhra Pradesh,1147,514,44.8,979,85.4,946,82.5,1147,100.0,0,0.0,0,0.0,0,0.0,1075,93.7,1075,93.7,1147,1147,514.0
2,Arunachal Pradesh,143,64,44.8,72,50.3,20,14.0,54,37.8,15,10.5,24,16.8,26,18.2,7,4.9,13,9.1,56,117,0.0
3,Assam,1014,571,56.3,766,75.5,47,4.6,332,32.7,80,7.9,122,12.0,53,5.2,191,18.8,634,62.5,482,1014,0.0
4,Bihar,1899,795,41.9,795,41.9,496,26.1,795,41.9,0,0.0,0,0.0,0,0.0,526,27.7,783,41.2,496,1783,
5,Chhattisgarh,785,226,28.8,693,88.3,256,32.6,585,74.5,45,5.7,78,9.9,33,4.2,181,23.1,751,95.7,374,772,0.0
6,Goa,24,14,58.3,14,58.3,14,58.3,14,58.3,0,0.0,0,0.0,0,0.0,24,100.0,24,100.0,24,9,24.0
7,Gujarat,1392,314,22.6,1113,80.0,364,26.1,1392,100.0,0,0.0,0,0.0,0,0.0,1392,100.0,1299,93.3,1392,1326,0.0
8,Haryana,366,235,64.2,287,78.4,47,12.8,281,76.8,0,0.0,0,0.0,0,0.0,263,71.9,342,93.4,366,363,3.0
9,Himachal Pradesh,538,4,0.7,187,34.8,131,24.3,130,24.2,0,0.0,0,0.0,54,10.0,200,37.2,185,34.4,538,516,0.0
10,Jammu & Kashmir,637,204,32.0,347,54.5,14,2.2,421,66.1,107,16.8,132,20.7,111,17.4,67,10.5,510,80.1,375,619,
11,Jharkhand,297,100,33.7,225,75.8,85,28.6,144,48.5,134,45.1,139,46.8,30,10.1,61,20.5,201,67.7,128,297,0.0
12,Karnataka,2359,1018,43.2,1677,71.1,1263,53.5,2273,96.4,32,1.4,79,3.3,157,6.7,2133,90.4,2179,92.4,1078,2359,0.0
13,Kerala,849,170,20.0,62,7.3,60,7.1,251,29.6,0,0.0,0,0.0,58,6.8,826,97.3,826,97.3,54,849,0.0
14,Madhya Pradesh,1171,834,71.2,746,63.7,435,37.1,1154,98.5,0,0.0,112,9.6,54,4.6,1171,100.0,776,66.3,1171,1157,0.0
15,Maharashtra,1814,997,55.0,1693,93.3,1651,91.0,1519,83.7,34,1.9,168,9.3,31,1.7,1262,69.6,1689,93.1,1798,1814,770.0
16,Manipur,85,67,78.8,55,64.7,0,0.0,85,100.0,12,14.1,41,48.2,7,8.2,21,24.7,73,85.9,21,85,0.0
17,Meghalaya,109,60,55.0,106,97.2,0,0.0,79,72.5,1,0.9,20,18.3,7,6.4,0,0.0,103,94.5,92,109,0.0
18,Mizoram,57,41,71.9,57,100.0,57,100.0,57,100.0,2,3.5,11,19.3,1,1.8,33,57.9,50,87.7,57,57,0.0
19,Nagaland,126,33,26.2,92,73.0,39,31.0,123,97.6,22,17.5,73,57.9,34,27.0,126,100.0,40,31.7,45,126,0.0
20,Odisha,1280,126,9.8,584,45.6,59,4.6,26,2.0,105,8.2,154,12.0,6,0.5,101,7.9,49,3.8,44,1279,0.0
21,Punjab,432,214,49.5,272,63.0,110,25.5,257,59.5,0,0.0,0,0.0,0,0.0,88,20.4,118,27.3,128,432,
22,Rajasthan,2079,979,47.1,1663,80.0,777,37.4,1618,77.8,95,4.6,212,10.2,162,7.8,1213,58.3,1817,87.4,1370,1993,760.0
23,Sikkim,24,24,100.0,24,100.0,24,100.0,24,100.0,0,0.0,0,0.0,0,0.0,15,62.5,24,100.0,24,24,24.0
24,Tamil Nadu,1362,1216,89.3,1299,95.4,71,5.2,1310,96.2,0,0.0,0,0.0,0,0.0,1175,86.3,1362,100.0,1362,1362,1271.0
25,Telangana,689,340,49.3,689,100.0,689,100.0,689,100.0,0,0.0,0,0.0,0,0.0,583,84.6,668,97.0,659,689,0.0
26,Tripura,93,72,77.4,73,78.5,0,0.0,40,43.0,0,0.0,16,17.2,14,15.1,20,21.5,80,86.0,89,92,66.0
27,Uttarakhand,257,86,33.5,164,63.8,171,66.5,229,89.1,6,2.3,14,5.4,23,8.9,73,28.4,61,23.7,69,237,69.0
28,Uttar Pradesh,3621,439,12.1,1978,54.6,1416,39.1,3621,100.0,213,5.9,270,7.5,459,12.7,820,22.6,820,22.6,379,460,170.0
29,West Bengal,914,234,25.6,909,99.5,129,14.1,847,92.7,17,1.9,30,3.3,32,3.5,193,21.1,53,5.8,272,914,308.0
30,A & N Island,22,20,90.9,22,100.0,20,90.9,22,100.0,0,0.0,0,0.0,9,40.9,22,100.0,21,95.5,22,21,21.0
31,Chandigarh,3,0,0.0,0,0.0,0,0.0,0,0.0,0,0.0,0,0.0,0,0.0,1,33.3,2,66.7,3,3,3.0
32,Dadra & Nagar Haveli,9,7,77.8,7,77.8,7,77.8,7,77.8,0,0.0,0,0.0,0,0.0,4,44.4,9,100.0,7,6,7.0
33,Daman & Diu,4,2,50.0,2,50.0,2,50.0,4,100.0,0,0.0,0,0.0,0,0.0,4,100.0,4,100.0,4,2,4.0
34,Delhi,5,1,20.0,1,20.0,1,20.0,1,20.0,0,0.0,0,0.0,0,0.0,3,60.0,3,60.0,1,0,5.0
35,Lakshadweep,4,4,100.0,4,100.0,4,100.0,4,100.0,0,0.0,0,0.0,0,0.0,4,100.0,4,100.0,4,4,4.0
36,Puducherry,40,19,47.5,31,77.5,17,42.5,24,60.0,0,0.0,0,0.0,0,0.0,40,100.0,40,100.0,40,40,40.0
All India/Total,Total (All India),25650,10044,39.2,17688,69.0,9422,36.7,19559,76.3,920,3.6,1695,6.6,1361,5.3,13918,54.3,16688,65.1,14171,22077,4063.0
