S._No.,State/_UT,Total_PHCs_functioning,Number_of_PHCs_functioning_-_with_4+_-_doctors,Number_of_PHCs_functioning_-_with_3_-_doctors,Number_of_PHCs_functioning_-_with_2_-_doctors,Number_of_PHCs_functioning_-_with_1_-_doctor,Number_of_PHCs_functioning_-_without_-_doctor,Number_of_PHCs_functioning_-_without_-_lab_tech.,Number_of_PHCs_functioning_-_without_-_pharma.,Number_of_PHCs_functioning_-_with_-_lady_-_doctor,Note_of_State/_UT
1,Andhra Pradesh,1147,11,31,476,629,0,364,329,518,
2,Arunachal Pradesh,143,3,6,27,81,40,55,55,36,
3,Assam,1014,67,63,182,626,76,87,110,183,
4,Bihar,1899,439,41,56,1363,0,256,201,156,
5,Chhattisgarh,785,0,6,71,318,390,303,185,66,
6,Goa,24,5,7,9,3,0,0,0,18,
7,Gujarat,1392,0,0,0,1392,0,0,0,516,
8,Haryana,366,3,22,97,187,57,144,106,110,#
9,Himachal Pradesh,538,0,3,20,469,69,446,229,95,
10,Jammu & Kashmir,637,71,96,169,180,121,294,62,239,
11,Jharkhand,297,1,1,40,147,108,204,207,37,
12,Karnataka,2359,0,14,169,1973,203,507,531,627,
13,Kerala,849,1,110,47,694,0,610,0,460,
14,Madhya Pradesh,1171,4,17,180,577,393,525,382,119,
15,Maharashtra,1814,0,0,1382,432,0,446,152,516,
16,Manipur,85,54,14,10,6,1,33,19,53,
17,Meghalaya,109,0,12,55,41,1,2,3,47,
18,Mizoram,57,0,0,4,48,5,0,1,18,
19,Nagaland,126,0,0,20,89,17,87,44,30,
20,Odisha,1280,0,1,673,520,86,1239,134,507,
21,Punjab,432,15,18,121,240,38,149,38,184,
22,Rajasthan,2079,0,30,319,1563,167,669,1526,188,
23,Sikkim,24,0,0,3,21,0,2,12,10,
24,Tamil Nadu,1362,204,90,871,197,0,630,221,908,
25,Telangana,689,20,13,269,387,0,48,31,390,
26,Tripura,93,23,16,45,9,0,15,2,43,
27,Uttarakhand,257,3,8,61,122,63,191,21,58,
28,Uttar Pradesh,3621,26,88,735,2772,0,1252,0,319,
29,West Bengal,914,2,12,169,592,139,623,143,112,
30,A & N Island,22,2,10,9,1,0,1,0,13,
31,Chandigarh,3,0,1,1,2,0,0,0,2,
32,Dadra & Nagar Haveli,9,0,0,9,0,0,0,0,5,
33,Daman & Diu,4,0,2,0,2,0,0,0,2,
34,Delhi,5,1,2,1,1,0,1,0,4,
35,Lakshadweep,4,2,0,0,0,0,0,0,3,
36,Puducherry,40,1,18,5,16,0,0,0,19,
All India/ Total,All India/ Total,25650,958,752,6305,15700,1974,9183,4744,6611,
