S._No.,State/_UT,Required_-_R,Sanctioned_-_S,In_Position_-_P,Vacant_-_S-P,Shortfall_-_R-P,Note_of_State/_UT,Note_of_Vacant_-_S-P
1,Andhra Pradesh,193,65.0,56,9.0,137,,
2,Arunachal Pradesh,63,,1,,62,,
3,Assam,158,,31,,127,###,
4,Bihar,150,,8,,142,,
5,Chhattisgarh,169,155.0,9,146.0,160,,
6,Goa,4,1.0,1,0.0,3,,
7,Gujarat,363,62.0,9,53.0,354,,
8,Haryana,112,12.0,4,8.0,108,,
9,Himachal Pradesh,89,,5,,84,,
10,Jammu & Kashmir,84,107.0,45,62.0,39,,
11,Jharkhand,188,190.0,8,182.0,180,,
12,Karnataka,206,206.0,106,100.0,100,,
13,Kerala,232,2.0,2,0.0,230,,
14,Madhya Pradesh,309,309.0,41,268.0,268,,
15,Maharashtra,360,153.0,45,108.0,315,,
16,Manipur,17,1.0,1,0.0,16,,
17,Meghalaya,27,0.0,12,,15,#,*
18,Mizoram,9,5.0,0,5.0,9,##,
19,Nagaland,21,,0,,21,,
20,Odisha,370,128.0,58,70.0,312,,
21,Punjab,151,140.0,48,92.0,103,,
22,Rajasthan,579,665.0,189,476.0,390,,
23,Sikkim,2,,1,,1,,
24,Tamil Nadu,385,,11,,374,,
25,Telangana,114,71.0,21,50.0,93,,
26,Tripura,21,0.0,0,0.0,21,,
27,Uttarakhand,60,49.0,11,38.0,49,,
28,Uttar Pradesh,822,523.0,103,420.0,719,,
29,West Bengal,349,95.0,36,59.0,313,,
30,A & N Island,4,3.0,0,3.0,4,,
31,Chandigarh,2,2.0,1,1.0,1,#,
32,Dadra & Nagar Haveli,2,0.0,0,0.0,2,,
33,Daman & Diu,2,0.0,0,0.0,2,,
34,Delhi,0,0.0,0,0.0,0,,
35,Lakshadweep,3,0.0,0,0.0,3,,
36,Puducherry,4,1.0,1,0.0,3,,
All India/ Total,All India/ Total,5624,2945.0,864,2150.0,4760,,
