S._No.,State/_UT,Required_-_R,Sanctioned_-_S,In_Position_-_P,Vacant_-_S-P,Shortfall_-_R-P,Note_of_State/_UT,Note_of_Vacant_-_S-P,Note_of_Shortfall_-_R-P
1,Andhra Pradesh,193,160.0,75,85.0,118.0,,,
2,Arunachal Pradesh,63,,7,,56.0,,,
3,Assam,158,145.0,60,85.0,98.0,#,,
4,Bihar,150,89.0,1,88.0,149.0,##,,
5,Chhattisgarh,169,162.0,130,32.0,39.0,,,
6,Goa,4,6.0,6,0.0,,,,*
7,Gujarat,363,363.0,162,201.0,201.0,,,
8,Haryana,112,73.0,40,33.0,72.0,,,
9,Himachal Pradesh,89,65.0,33,32.0,56.0,,,
10,Jammu & Kashmir,84,305.0,210,95.0,,,,*
11,Jharkhand,188,188.0,57,131.0,131.0,###,,
12,Karnataka,206,206.0,167,39.0,39.0,,,
13,Kerala,232,16.0,18,,214.0,,*,
14,Madhya Pradesh,309,312.0,176,136.0,133.0,,,
15,Maharashtra,360,140.0,107,33.0,253.0,,,
16,Manipur,17,13.0,13,0.0,4.0,,,
17,Meghalaya,27,19.0,21,,6.0,^,*,
18,Mizoram,9,5.0,6,,3.0,$,*,
19,Nagaland,21,1.0,1,0.0,20.0,,,
20,Odisha,370,57.0,68,,302.0,,*,
21,Punjab,151,171.0,129,42.0,22.0,,,
22,Rajasthan,579,714.0,205,509.0,374.0,,,
23,Sikkim,2,,1,,1.0,,,
24,Tamil Nadu,385,294.0,119,175.0,266.0,,,
25,Telangana,114,98.0,58,40.0,56.0,,,
26,Tripura,21,0.0,11,,10.0,,*,
27,Uttarakhand,60,32.0,15,17.0,45.0,,,
28,Uttar Pradesh,822,230.0,82,148.0,740.0,,,
29,West Bengal,349,275.0,135,140.0,214.0,,,
30,A & N Island,4,0.0,0,0.0,4.0,,,
31,Chandigarh,2,5.0,5,0.0,,^^,,*
32,Dadra & Nagar Haveli,2,0.0,0,0.0,2.0,,,
33,Daman & Diu,2,3.0,3,0.0,,,,*
34,Delhi,0,0.0,0,0.0,0.0,,,
35,Lakshadweep,3,5.0,5,0.0,,,,*
36,Puducherry,4,3.0,3,0.0,1.0,,,
All India/ Total,All India/ Total,5624,4155.0,2129,2061.0,3629.0,,,
