S._No.,State/_UT,Average_Rural_Population_Census_2011_covered_by_a_Sub_Centre,Average_Rural_Population_Census_2011_covered_by_a_PHC,Average_Rural_Population_Census_2011_covered_by_a_CHC
1,Andhra Pradesh,4663,30319,180189.0
2,Arunachal Pradesh,3418,7457,16926.0
3,Assam,5801,26437,169665.0
4,Bihar,9281,48626,615610.0
5,Chhattisgarh,3781,24978,116023.0
6,Goa,2578,22989,137933.0
7,Gujarat,3820,24924,95577.0
8,Haryana,6377,45108,147405.0
9,Himachal Pradesh,2965,11480,69394.0
10,Jammu & Kashmir,3070,14298,108429.0
11,Jharkhand,6511,84361,133272.0
12,Karnataka,3994,15884,181890.0
13,Kerala,3247,20578,75307.0
14,Madhya Pradesh,5718,44882,170089.0
15,Maharashtra,5818,33934,170989.0
16,Manipur,4802,23784,118920.0
17,Meghalaya,5439,21756,87831.0
18,Mizoram,1420,9218,58382.0
19,Nagaland,3554,11171,67026.0
20,Odisha,5229,27321,94515.0
21,Punjab,5879,40149,114862.0
22,Rajasthan,3575,24772,88947.0
23,Sikkim,3109,19042,228500.0
24,Tamil Nadu,4273,27335,96700.0
25,Telangana,4500,31328,189345.0
26,Tripura,2748,29166,129165.0
27,Uttarakhand,3810,27381,117283.0
28,Uttar Pradesh,7569,42893,188950.0
29,West Bengal,5997,68034,178175.0
30,A & N Island,1928,10777,59273.0
31,Chandigarh,1705,9664,14496.0
32,Dadra & Nagar Haveli,2579,20346,91557.0
33,Daman & Diu,2323,15099,30198.0
34,Delhi,41904,83808,
35,Lakshadweep,1010,3535,4714.0
36,Puducherry,4879,9880,98800.0
All India,All India,5337,32505,148248.0
