S._No.,State/_UT,Required_-_R,Sanctioned_-_S,In_Position_-_P,Vacant_-_S-P,Shortfall_-_R-P,Note_of_State/_UT,Note_of_Vacant_-_S-P,Shortfall_-_R-P.1
1,Andhra Pradesh,7458,14317.0,12073,2244.0,,,,*
2,Arunachal Pradesh,312,,323,,,,,*
3,Assam,4621,,7545,,,,,*
4,Bihar,9949,,20151,,,,,*
5,Chhattisgarh,5186,5186.0,5913,,,,*,*
6,Goa,214,244.0,186,58.0,28.0,,,
7,Gujarat,9082,9156.0,8859,297.0,223.0,,,
8,Haryana,2589,5038.0,4360,678.0,,,,*
9,Himachal Pradesh,2083,2246.0,1686,560.0,397.0,,,
10,Jammu & Kashmir,2967,4337.0,4225,112.0,,,,*
11,Jharkhand,3848,3957.0,7489,,,,*,*
12,Karnataka,9381,9919.0,7152,2767.0,2229.0,,,
13,Kerala,5380,4575.0,4590,,790.0,,*,
14,Madhya Pradesh,9192,11886.0,9860,2026.0,,,,*
15,Maharashtra,10580,16801.0,10613,6188.0,,,,*
16,Manipur,421,842.0,750,92.0,,,,*
17,Meghalaya,436,903.0,790,113.0,,#,,*
18,Mizoram,370,405.0,622,,,##,*,*
19,Nagaland,396,408.0,702,,,#,*,*
20,Odisha,6688,6688.0,7169,,,,*,*
21,Punjab,2950,5109.0,4674,435.0,,,,*
22,Rajasthan,14406,19313.0,14271,5042.0,135.0,,,
23,Sikkim,147,147.0,127,20.0,20.0,#,,
24,Tamil Nadu,8712,8712.0,6835,1877.0,1877.0,,,
25,Telangana,4797,9655.0,7848,1807.0,,,,*
26,Tripura,987,432.0,582,,405.0,#,*,
27,Uttarakhand,1847,2000.0,1909,91.0,,,,*
28,Uttar Pradesh,20521,23695.0,28250,,,,*,*
29,West Bengal,10369,20000.0,18253,1747.0,,,,*
30,A & N Island,123,255.0,241,14.0,,,,*
31,Chandigarh,17,24.0,24,0.0,,,,*
32,Dadra & Nagar Haveli,71,36.0,90,,,,*,*
33,Daman & Diu,26,45.0,43,2.0,,,,*
34,Delhi,10,16.0,14,2.0,,,,*
35,Lakshadweep,14,24.0,28,,,,*,*
36,Puducherry,81,108.0,109,,,,*,*
All India/ Total,All India/ Total,156231,186479.0,198356,26172.0,6104.0,,,
