S._No.,State/_UT,Community_Health_Centres_functioning_at_the_end_of_-_Sixth_Plan_-_1981-85,Community_Health_Centres_functioning_at_the_end_of_-_Seventh_Plan_-_1985-90,Community_Health_Centres_functioning_at_the_end_of_-_Eigth_Plan_-_1992-97,Community_Health_Centres_functioning_at_the_end_of_-_Ninth_Plan_-_1997-2002,Community_Health_Centres_functioning_at_the_end_of_-_Tenth_Plan_-_2002-07,Community_Health_Centres_functioning_at_the_end_of_-_Eleventh_Plan_-_2007-12,"Community_Health_Centres_functioning_at_the_end_of_-_Twelth_Plan_As_on_31st_March,_2017_-_2012-17"
1,Andhra Pradesh,27.0,46.0,207.0,219.0,167.0,281.0,193
2,Arunachal Pradesh,0.0,6.0,9.0,20.0,31.0,48.0,63
3,Assam,12.0,60.0,100.0,100.0,100.0,109.0,158
4,Bihar,52.0,147.0,148.0,148.0,70.0,70.0,150
5,Chhattisgarh,,,,,118.0,149.0,169
6,Goa,3.0,5.0,5.0,5.0,5.0,5.0,4
7,Gujarat,22.0,143.0,185.0,252.0,273.0,318.0,363
8,Haryana,2.0,41.0,63.0,65.0,86.0,109.0,112
9,Himachal Pradesh,28.0,35.0,42.0,65.0,71.0,76.0,89
10,Jammu & Kashmir,19.0,33.0,45.0,53.0,80.0,84.0,84
11,Jharkhand,,,,,194.0,188.0,188
12,Karnataka,98.0,156.0,242.0,249.0,254.0,180.0,206
13,Kerala,4.0,54.0,80.0,105.0,107.0,217.0,232
14,Madhya Pradesh,58.0,172.0,198.0,342.0,270.0,333.0,309
15,Maharashtra,147.0,290.0,300.0,351.0,407.0,363.0,360
16,Manipur,6.0,10.0,16.0,16.0,16.0,16.0,17
17,Meghalaya,3.0,3.0,10.0,13.0,26.0,29.0,27
18,Mizoram,1.0,4.0,6.0,9.0,9.0,9.0,9
19,Nagaland,1.0,4.0,5.0,9.0,21.0,21.0,21
20,Odisha,59.0,92.0,157.0,157.0,231.0,377.0,370
21,Punjab,10.0,70.0,105.0,105.0,126.0,132.0,151
22,Rajasthan,76.0,185.0,261.0,263.0,337.0,382.0,579
23,Sikkim,0.0,2.0,2.0,2.0,4.0,2.0,2
24,Tamil Nadu,30.0,72.0,72.0,72.0,236.0,385.0,385
25,Telangana,,,,,,,114
26,Tripura,3.0,8.0,11.0,11.0,10.0,12.0,21
27,Uttarakhand,,,,,49.0,59.0,60
28,Uttar Pradesh,74.0,177.0,262.0,310.0,386.0,515.0,822
29,West Bengal,23.0,87.0,89.0,99.0,346.0,348.0,349
30,A & N Island,0.0,3.0,4.0,4.0,4.0,4.0,4
31,Chandigarh,1.0,1.0,1.0,1.0,2.0,2.0,2
32,Dadra & Nagar Haveli,0.0,0.0,0.0,1.0,1.0,1.0,2
33,Daman & Diu,0.0,0.0,1.0,1.0,1.0,2.0,2
34,Delhi,0.0,0.0,0.0,0.0,0.0,0.0,0
35,Lakshadweep,1.0,1.0,3.0,3.0,3.0,3.0,3
36,Puducherry,1.0,3.0,4.0,4.0,4.0,4.0,4
All India,All India,761.0,1910.0,2633.0,3054.0,4045.0,4833.0,5624
