S._No.,State/_UT,Sub_Centres_functioning_at_the_end_of_-_Sixth_Plan_-_1981-85,Sub_Centres_functioning_at_the_end_of_-_Seventh_Plan_-_1985-90,Sub_Centres_functioning_at_the_end_of_-_Eigth_Plan_-_1992-97,Sub_Centres_functioning_at_the_end_of_-_Ninth_Plan_-_1997-2002,Sub_Centres_functioning_at_the_end_of_-_Tenth_Plan_-_2002-07,Sub_Centres_functioning_at_the_end_of_-_Eleventh_Plan_-_2007-12,"Sub_Centres_functioning_at_the_end_of_-_Twelth_Plan_-_2012-17_As_on_31st_March,_2017"
1,Andhra Pradesh,6129.0,7894.0,10568.0,10568.0,12522.0,12522.0,7458
2,Arunachal Pradesh,55.0,155.0,223.0,273.0,379.0,286.0,312
3,Assam,1711.0,5109.0,5109.0,5109.0,5109.0,4604.0,4621
4,Bihar,8299.0,14799.0,14799.0,14799.0,8909.0,9696.0,9949
5,Chhattisgarh,,,,,4692.0,5111.0,5186
6,Goa,156.0,166.0,172.0,172.0,172.0,205.0,214
7,Gujarat,4869.0,6834.0,7274.0,7274.0,7274.0,7274.0,9082
8,Haryana,1591.0,2299.0,2299.0,2299.0,2433.0,2520.0,2589
9,Himachal Pradesh,1299.0,1851.0,1980.0,2069.0,2071.0,2065.0,2083
10,Jammu & Kashmir,609.0,1460.0,1700.0,1700.0,1888.0,1907.0,2967
11,Jharkhand,,,,,3958.0,3958.0,3848
12,Karnataka,4964.0,7793.0,8143.0,8143.0,8143.0,8871.0,9381
13,Kerala,2270.0,5094.0,5094.0,5094.0,5094.0,4575.0,5380
14,Madhya Pradesh,6615.0,11910.0,11938.0,11947.0,8834.0,8869.0,9192
15,Maharashtra,6391.0,9248.0,9725.0,9725.0,10453.0,10580.0,10580
16,Manipur,301.0,420.0,420.0,420.0,420.0,420.0,421
17,Meghalaya,172.0,272.0,377.0,413.0,398.0,397.0,436
18,Mizoram,162.0,220.0,324.0,346.0,366.0,370.0,370
19,Nagaland,133.0,244.0,244.0,302.0,397.0,396.0,396
20,Odisha,4127.0,5927.0,5927.0,5927.0,5927.0,6688.0,6688
21,Punjab,2602.0,2852.0,2852.0,2852.0,2858.0,2951.0,2950
22,Rajasthan,3790.0,8000.0,9400.0,9926.0,10612.0,11487.0,14406
23,Sikkim,82.0,132.0,147.0,147.0,147.0,147.0,147
24,Tamil Nadu,5860.0,8681.0,8681.0,8682.0,8683.0,8706.0,8712
25,Telangana,,,,,,,4797
26,Tripura,230.0,506.0,537.0,539.0,579.0,719.0,987
27,Uttarakhand,,,,,1765.0,1848.0,1847
28,Uttar Pradesh,15653.0,20153.0,20153.0,20153.0,20521.0,20521.0,20521
29,West Bengal,6100.0,7873.0,7873.0,8126.0,10356.0,10356.0,10369
30,A & N Island,32.0,84.0,96.0,100.0,108.0,119.0,123
31,Chandigarh,12.0,12.0,12.0,13.0,13.0,16.0,17
32,Dadra & Nagar Haveli,19.0,34.0,34.0,36.0,38.0,50.0,71
33,Daman & Diu,14.0,14.0,21.0,21.0,21.0,26.0,26
34,Delhi,42.0,42.0,42.0,42.0,41.0,41.0,10
35,Lakshadweep,14.0,14.0,14.0,14.0,14.0,14.0,14
36,Puducherry,73.0,73.0,80.0,80.0,77.0,51.0,81
All India,Total (All India),84376.0,130165.0,136258.0,137311.0,145272.0,148366.0,156231
