S._No.,State/_UT,Primary_Health_Centres_functioning_at_the_end_of_-_Sixth_Plan_-_1981-85,Primary_Health_Centres_functioning_at_the_end_of_-_Seventh_Plan_-_1985-90,Primary_Health_Centres_functioning_at_the_end_of_-_Eigth_Plan_-_1992-97,Primary_Health_Centres_functioning_at_the_end_of_-_Ninth_Plan_-_1997-2002,Primary_Health_Centres_functioning_at_the_end_of_-_Tenth_Plan_-_2002-07,Primary_Health_Centres_functioning_at_the_end_of_-_Eleventh_Plan_-_2007-12,"Primary_Health_Centres_functioning_at_the_end_of_-_Twelth_Plan_As_on_31st_March,_2017_-_2012-17"
1,Andhra Pradesh,555.0,1283.0,1335.0,1386.0,1570.0,1624.0,1147
2,Arunachal Pradesh,0.0,24.0,45.0,65.0,85.0,97.0,143
3,Assam,237.0,449.0,610.0,610.0,610.0,975.0,1014
4,Bihar,796.0,2001.0,2209.0,2209.0,1648.0,1863.0,1899
5,Chhattisgarh,,,,,518.0,755.0,785
6,Goa,13.0,17.0,17.0,19.0,19.0,19.0,24
7,Gujarat,310.0,842.0,960.0,1032.0,1073.0,1158.0,1392
8,Haryana,163.0,366.0,399.0,403.0,411.0,447.0,366
9,Himachal Pradesh,106.0,190.0,260.0,302.0,443.0,472.0,538
10,Jammu & Kashmir,123.0,266.0,335.0,337.0,374.0,396.0,637
11,Jharkhand,,,,,330.0,330.0,297
12,Karnataka,365.0,1142.0,1601.0,1676.0,1679.0,2310.0,2359
13,Kerala,199.0,908.0,938.0,944.0,909.0,809.0,849
14,Madhya Pradesh,680.0,1181.0,1690.0,1690.0,1149.0,1156.0,1171
15,Maharashtra,1539.0,1671.0,1695.0,1768.0,1800.0,1811.0,1814
16,Manipur,31.0,64.0,69.0,69.0,72.0,80.0,85
17,Meghalaya,32.0,56.0,81.0,85.0,103.0,109.0,109
18,Mizoram,19.0,35.0,55.0,58.0,57.0,57.0,57
19,Nagaland,21.0,33.0,33.0,46.0,84.0,126.0,126
20,Odisha,484.0,875.0,1102.0,1352.0,1279.0,1226.0,1280
21,Punjab,130.0,460.0,484.0,484.0,484.0,449.0,432
22,Rajasthan,448.0,1048.0,1616.0,1674.0,1499.0,1528.0,2079
23,Sikkim,18.0,20.0,24.0,24.0,24.0,24.0,24
24,Tamil Nadu,436.0,1386.0,1436.0,1436.0,1181.0,1227.0,1362
25,Telangana,,,,,,,689
26,Tripura,32.0,49.0,55.0,58.0,75.0,79.0,93
27,Uttarakhand,,,,,232.0,257.0,257
28,Uttar Pradesh,1169.0,3000.0,3761.0,3808.0,3660.0,3692.0,3621
29,West Bengal,1172.0,1250.0,1262.0,1262.0,922.0,909.0,914
30,A & N Island,6.0,14.0,17.0,18.0,20.0,22.0,22
31,Chandigarh,0.0,0.0,0.0,0.0,0.0,0.0,3
32,Dadra & Nagar Haveli,3.0,5.0,6.0,6.0,6.0,6.0,9
33,Daman & Diu,2.0,2.0,3.0,3.0,3.0,3.0,4
34,Delhi,8.0,8.0,8.0,8.0,8.0,5.0,5
35,Lakshadweep,4.0,4.0,4.0,4.0,4.0,4.0,4
36,Puducherry,14.0,22.0,39.0,39.0,39.0,24.0,40
All India,All India,9115.0,18671.0,22149.0,22875.0,22370.0,24049.0,25650
